Data-storage-ID,PI-ID,Group in violin table
SRR1533284,PI416890,landrace
SRR1533282,PI323576,landrace
SRR1533292,PI157421,landrace
SRR1533216,PI594615,landrace
SRR1533239,PI603336,landrace
USB-108,PI165675,landrace
HNEX-13,PI253665D,landrace
USB-382,PI603549,landrace
SRR1533236,PI587552,landrace
SRR1533332,PI567293,landrace
AB-02,PI603713,landrace
HNEX-14,PI283331,landrace
SRR1533229,PI416971,landrace
HNSM-23,PI427106,landrace
USB-122,PI291294,landrace
USB-596,PI468919,landrace
HNSM-06,PI200553,landrace
SRR1533259,PI594788,landrace
SRR1533326,PI594579,landrace
HNSM-19,PI408111,landrace
HNEX-09,PI91730-1,landrace
USB-035,PI549018,landrace
HNEX-18,PI361064,landrace
HNSM-22,V71-370,landrace
USB-782,PI603502A,landrace
USB043,PI578309,landrace
HNEX-10,PI189930,landrace
HNEX-21,PI384469A,landrace
HNEX-30,PI436682,landrace
HNEX-32,PI437851A,landrace
HNSM-09,PI398791,landrace
USB-762,PI602492,landrace
SRR1533303,PI587666,landrace
HNSM-03,PI408319C,landrace
AB-01,PI458020,landrace
HNEX-40,PI561377,landrace
HNEX-11,PI227328,landrace
HNEX-20,PI370059,landrace
SRR1533248,PI398296,landrace
HNSM-02,PI407985,landrace
HNSM-01,PI567139B,landrace
USB-014,PI468908,landrace
HNEX-34,PI438206,landrace
SRR1533295,PI567364,landrace
HNSM-21,PI273483D,landrace
USB-566,PI437594A,landrace
SRR1533235,PI507355,landrace
USB-050,PI603442,landrace
HNEX-08,PI90566-1,landrace
SRR1533272,PI437653,landrace
HNSM-17,PI408029,landrace
USB020,PI603458A,landrace
HNSM-04,PI157432,landrace
USB-319,PI567548,landrace
SRR1533278,PI567189A,landrace
HNEX-17,PI297544,landrace
SRR1533221,PI467343,landrace
HNSM-12,PI424237A,landrace
HNSM-16,PI399079,landrace
HNSM-13,PI424237B,landrace
USB-362,PI597471A,landrace
HNEX-02,PI68508,landrace
HNEX-06,PI800471,landrace
HNEX-39,PI561319A,landrace
HNEX-07,PI86050,landrace
HNSM-18,PI408097,landrace
SRR1533314,PI588053A,landrace
HNEX-19,PI361066A,landrace
HNEX-24,PI404157,landrace
HNEX-36,PI445837,landrace
USB-456,PI88508,landrace
SRR1533333,PI407849,landrace
HNSM-24,PI427105B,landrace
HNEX-01,FC4007B,landrace
USB-814,PI632943B,landrace
USB-037,PI549041A,landrace
SRR1533315,PI594629,landrace
USB-812,PI632654,landrace
HNEX-25,PI407710,landrace
HNEX-37,PI458511,landrace
HNEX-04,PI68600,landrace
HNEX-16,PI297515,landrace
SRR1533324,PI317336,landrace
HNSM-07,PI398666,landrace
HNSM-11,PI399004,landrace
SRR1533301,PI423954,landrace
SRR1533288,PI603357,landrace
HNSM-15,PI398440,landrace
HNEX-33,PI438151,landrace
HNSM-08,PI398775,landrace
HNSM-20,PI408132,landrace
HNSM-05,PI200543,landrace
USB-459,PI90369,landrace
HNSM-14,PI424477,landrace
HNEX-23,PI391594,landrace
HNEX-35,PI445830,landrace
HNSM-10,PI398946,landrace
USB-447,PI86982,landrace
HNEX-29,PI427099,landrace
SRR1533220,PI196166,landrace
USB-012,PI437265D,landrace
SRR1533341,PI243541,landrace
HNEX-38,PI468377,landrace
USB004,PI166105,landrace
SRR1533286,PI424391,landrace
USB-310,PI567416,landrace
SRR1533310,PI317334A,landrace
USB-163,PI424038B,landrace
USB-756,PI594839A,landrace
HNEX-26,PI407720,landrace
USB-690,PI567556,landrace
USB-655,PI567056A,landrace
USB-047,PI594307,landrace
USB-409,PI322692,landrace
HNEX-28,PI424195B,landrace
USB-585,PI438312,landrace
SRR1533285,PI587752,landrace
SRR1533266,PI438498,landrace
USB-754,PI594830,landrace
USB-040,PI567426,landrace
SRR1533271,PI603318,landrace
SRR1533336,PI89138,landrace
USB-742,PI594487,landrace
SRR1533290,PI437944,landrace
USB-316,PI567489A,landrace
USB-773,PI603421B,landrace
USB-312,PI567428,landrace
USB003,PI81785,landrace
SRR1533302,PI587848,landrace
USB-543,PI434974,landrace
USB-428,PI68815,landrace
USB-516,PI341245,landrace
USB-480,PI93055,landrace
USB-044,PI578495,landrace
SRR1533338,PI417398,landrace
USB-783,PI603505,landrace
USB-184,PI437695A,landrace
USB-772,PI603412A,landrace
USB-182,PI437662,landrace
USB-712,PI587560A,landrace
USB010,PI361087,landrace
USB-039,PI567171,landrace
USB-278,PI549021A,landrace
USB-699,PI567638,landrace
USB042,PI567604A,landrace
HNEX-27,PI424159B,landrace
USB-669,PI567366A,landrace
USB-522,PI378682C,landrace
USB-538,PI424005,landrace
USB-432,PI70242-2,landrace
HN058,PI458515,landrace
USB-230,PI507017,landrace
USB-281,PI549040,landrace
USB-540,PI430596,landrace
SRR1533230,PI594777,landrace
USB005,PI180501,landrace
USB011,PI361093,landrace
USB-520,PI377574,landrace
USB-041,PI567558,landrace
USB-795,PI603583,landrace
USB-748,PI594753A,landrace
USB-555,PI437347,landrace
USB-568,PI437615A,landrace
USB-753,PI594822,landrace
USB-752,PI594810B,landrace
USB-500,PI227320,landrace
USB-592,PI438509A,landrace
USB-799,PI603696,landrace
USB-306,PI567407,landrace
USB-120,PI261272C,landrace
USB-499,PI219698,landrace
USB-533,PI417007,landrace
USB-490,PI171438,landrace
USB-227,PI504288,landrace
USB-689,PI567552,landrace
USB-800,PI603740B,landrace
HN015,PI437654,landrace
USB-191,PI437956B,landrace
USB-308,PI567410B,landrace
USB-465,PI90723,landrace
USB-676,PI567395,landrace
USB-384,PI603556,landrace
USB-427,PI68765,landrace
USB-792,PI603554B,landrace
HN022,PI404198B,landrace
USB-594,PI466749A,landrace
USB-123,PI291309D,landrace
USB-558,PI437427A,landrace
USB-771,PI603408,landrace
HN038,PI248515,landrace
USB-121,PI274453,landrace
USB009,PI360957,landrace
USB-750,PI594769,landrace
USB-505,PI253656B,landrace
USB-793,PI603557,landrace
SRR1533243,PI602991,landrace
USB-036,PI549026,landrace
USB-277,PI549017,landrace
USB-604,PI504495,landrace
USB-749,PI594757,landrace
HN025,PI567516C,landrace
USB-445,PI84734,landrace
USB-405,PI639559B,landrace
USB-528,PI407659B,landrace
USB006,PI240664,landrace
USB-589,PI438450,landrace
USB-794,PI603574,landrace
USB-144,PI391577,landrace
USB-743,PI594497,landrace
USB-314,PI567439,landrace
USB-338,PI587588A,landrace
USB-571,PI437721B,landrace
USB-049,PI603426G,landrace
USB-464,PI90577,landrace
USB-140,PI378663,landrace
USB-309,PI567415A,landrace
USB-494,PI192870,landrace
USB-784,PI603510,landrace
HN021,PI209332,landrace
USB-546,PI437138,landrace
USB-650,PI561321,landrace
USB-694,PI567582A,landrace
USB017,PI507180,landrace
USB-467,PI91083,landrace
USB-703,PI567772,landrace
USB-141,PI378680E,landrace
USB-560,PI437476,landrace
USB-564,PI437562,landrace
USB-591,PI438504B,landrace
USB-007,PI266806C,landrace
USB-526,PI404182,landrace
USB-570,PI437640A,landrace
USB-818,PI653874B,landrace
USB-549,PI437211B,landrace
USB-706,PI578316C,landrace
USB-788,PI603534B,landrace
SRR1533245,PI407801,landrace
USB-466,PI90768,landrace
USB-786,PI603523,landrace
HN012,PI567305,landrace
USB-313,PI567435B,landrace
USB-697,PI567599,landrace
USB046,PI592954,landrace
USB-700,PI567648C,landrace
USB-787,PI603532,landrace
USB-180,PI437505,landrace
USB-666,PI567331,landrace
USB-718,PI587788B,landrace
USB-680,PI567405,landrace
HN051,PI424078,landrace
USB-052,PI88788,landrace
USB-085,PI86972-2,landrace
USB-527,PI404199,landrace
USB-763,PI603174A,landrace
USB-765,PI603308A,landrace
USB-307,PI567408,landrace
USB-675,PI567394B,landrace
USB-741,PI594470C,landrace
USB-354,PI594456A,landrace
USB-415,FC32033,landrace
USB-745,PI594660A,landrace
SRR1533269,PI153262,landrace
USB-597,PI475812B,landrace
USB-719,PI587794,landrace
USB-717,PI587668A,landrace
USB-801,PI603910C,landrace
USB-315,PI567488A,landrace
HN091,PI594599,landrace
SRR1533319,PI567258,landrace
USB-226,PI497967,landrace
USB-678,PI567398,landrace
USB-688,PI567541B,landrace
USB-158,PI417479,landrace
USB-512,PI319527,landrace
USB-201,PI438309,landrace
USB-323,PI567685,landrace
USB-691,PI567559,landrace
USB-426,PI68736,landrace
HN003,PI89772,landrace
USB-311,PI567418A,landrace
USB-751,PI594805A,landrace
HN026,PI612611,landrace
USB-537,PI417550,landrace
USB-548,PI437168A,landrace
USB-550,PI437287,landrace
USB-701,PI567721,landrace
USB-524,PI399058,landrace
USB-755,PI594834A,landrace
HN032,PI86006,landrace
USB-065,PI58955,landrace
USB-119,PI253661B,landrace
USB-419,PI62202-2,landrace
USB-573,PI437781,landrace
USB-489,PI165929,landrace
USB-595,PI467313,landrace
USB-779,PI603477A,landrace
HN007,PI424298,landrace
USB013,PI438335,landrace
USB-324,PI567698A,landrace
USB-429,PI70078,landrace
USB-498,PI209331,landrace
USB-521,PI378670B,landrace
USB-728,PI587963,landrace
USB-446,PI86084,landrace
USB-713,PI587575A,landrace
USB-803,PI605839A,landrace
USB-016,PI506862,landrace
USB-112,PI179935,landrace
USB-481,PI93563,landrace
USB-732,PI592919,landrace
USB-116,PI209334,landrace
USB-117,PI232992,landrace
USB-322,PI567675,landrace
USB-518,PI370057B,landrace
HN106,PI417091,landrace
HN005,PI404166,landrace
USB-175,PI437240,landrace
USB-442,PI83925,landrace
USB-603,PI483253,landrace
USB-128,PI342434,landrace
USB-318,PI567532,landrace
USB-403,PI639543,landrace
USB-416,PI54873,landrace
USB-361,PI597464,landrace
USB-710,PI578490,landrace
USB-531,PI416768,landrace
USB-554,PI437326,landrace
USB-561,PI437477B,landrace
USB-602,PI476939,landrace
USB-474,PI92601,landrace
USB-574,PI437798,landrace
USB-587,PI438358B,landrace
USB-674,PI567392,landrace
USB-734,PI592932,landrace
HNY-53,PI360955A,landrace
USB-088,PI88468,landrace
USB-450,PI87618,landrace
USB-462,PI90495N,landrace
USB-488,PI165674,landrace
USB-541,PI430598B,landrace
USB-551,PI437296,landrace
USB-188,PI437814A,landrace
USB-245,PI538386A,landrace
USB-484,PI103079,landrace
USB-530,PI408088,landrace
USB-169,PI437110A,landrace
USB-761,PI597402,landrace
HN077,PI567343,landrace
USB-673,PI567390,landrace
USB-156,PI417345B,landrace
USB-486,PI123587,landrace
HN076,PI567336B,landrace
USB-353,PI594170B,landrace
USB-642,PI549023B,landrace
USB-776,PI603446,landrace
USB-485,PI123439,landrace
USB-577,PI437995A,landrace
USB-580,PI438047,landrace
USB-729,PI588015B,landrace
HN008,PI437655,landrace
USB-286,PI561389B,landrace
USB-335,PI578503,landrace
USB-424,PI68679-2,landrace
USB-449,PI87571,landrace
USB-454,PI88479,landrace
USB-423,PI68523,landrace
USB-582,PI438195,landrace
USB-740,PI594467,landrace
USB-778,PI603457B,landrace
USB-802,PI603911B,landrace
USB-670,PI567370A,landrace
USB-781,PI603496B,landrace
USB-072,PI71465,landrace
USB-192,PI437991B,landrace
USB-390,PI606374,landrace
USB-441,PI82302,landrace
USB-497,PI200503,landrace
USB-715,PI587582,landrace
USB-758,PI594883,landrace
HN010,PI468915,landrace
USB-301,PI567346,landrace
USB-460,PI90406-1,landrace
USB-569,PI437634,landrace
USB-654,PI566998A,landrace
USB-730,PI588026C,landrace
USB-304,PI567361,landrace
USB-133,PI361080,landrace
USB-320,PI567576,landrace
USB-677,PI567396B,landrace
HN006,PI407788A,landrace
USB-369,PI603290,landrace
USB-443,PI84509,landrace
USB-581,PI438120,landrace
USB-223,PI495020,landrace
USB-444,PI84660,landrace
USB-679,PI567404A,landrace
USB-733,PI592928,landrace
USB-079,PI84656,landrace
USB-514,PI325779,landrace
USB-132,PI361070,landrace
USB-430,PI70201,landrace
USB-578,PI437999,landrace
USB-696,PI567593B,landrace
USB-777,PI603451A,landrace
USB-798,PI603687A,landrace
USB-431,PI70208,landrace
USB-611,PI518711,landrace
USB-066,PI62203,landrace
USB-178,PI437485,landrace
USB-336,PI578504,landrace
USB-737,PI594409B,landrace
HN075,PI567230,landrace
USB-015,PI497964A,landrace
USB-071,PI70466-3,landrace
USB-136,PI374207,landrace
USB-290,PI567074B,landrace
USB-614,PI532454,landrace
USB-478,PI92718-2,landrace
USB-147,PI398965,landrace
USB-317,PI567525,landrace
HN016B,PI567387,landrace
USB-087,PI88313,landrace
USB-327,PI567780B,landrace
USB-470,PI91132-3,landrace
USB-583,PI438267,landrace
USB-584,PI438310,landrace
USB-768,PI603356,landrace
USB-075,PI83881,landrace
USB-534,PI417077,landrace
HN048,PI407965,landrace
USB-095,PI91160,landrace
USB-252,PI548198,landrace
HN009,PI495017C,landrace
HN018,PI437690,landrace
USB-193,PI438019B,landrace
USB-251,PI548178,landrace
USB-455,PI88499,landrace
USB-590,PI438492,landrace
USB-346,PI592940,landrace
USB-435,PI79797,landrace
USB-209,PI445824A,landrace
USB-684,PI567458,landrace
HN057,PI438258,landrace
USB-170,PI437112A,landrace
USB-220,PI476352B,landrace
USB-381,PI603526,landrace
USB-385,PI603559,landrace
USB-439,PI80671,landrace
USB-477,PI92688-2,landrace
USB-325,PI567726,landrace
USB-389,PI605765B,landrace
USB-545,PI437135B,landrace
USB-326,PI567746,landrace
USB-417,PI59845,landrace
USB-453,PI88448,landrace
USB-529,PI407717,landrace
USB-553,PI437321,landrace
USB-556,PI437366,landrace
USB-593,PI464913,landrace
HN055,PI437679,landrace
USB-124,PI291310C,landrace
USB-479,PI92728,landrace
HN041,PI398593,landrace
USB-077,PI84631,landrace
USB-186,PI437788A,landrace
USB-440,PI81042-2,landrace
USB-656,PI567060A,landrace
HN080,PI567383,landrace
USB-129,PI342619A,landrace
USB-198,PI438230A,landrace
USB-780,PI603490,landrace
HN060,PI467312,landrace
USB-452,PI88306,landrace
USB-187,PI437793,landrace
USB-296,PI567238,landrace
USB-302,PI567352A,landrace
USB-672,PI567381B,landrace
USB-076,PI83942,landrace
USB-422,PI68436,landrace
USB-086,PI87620,landrace
USB-215,PI464923,landrace
USB-331,PI578375B,landrace
USB-438,PI80466-1,landrace
USB-333,PI578493,landrace
USB-347,PI592952,landrace
USB-425,PI68731,landrace
USB-468,PI91089,landrace
HNY-07,PI567425B,landrace
USB-345,PI592937,landrace
USB-562,PI437487,landrace
USB-735,PI592936,landrace
USB-236,PI507471,landrace
USB-576,PI437875A,landrace
USB-102,PI153231,landrace
USB-146,PI398633,landrace
USB-421,PI68423,landrace
USB-567,PI437609B,landrace
USB-097,PI94159-3,landrace
USB-179,PI437500A,landrace
USB-208,PI438500,landrace
USB-218,PI475820,landrace
USB-448,PI87076,landrace
USB-472,PI91725,landrace
USB-502,PI235347,landrace
USB-161,PI417581,landrace
USB-575,PI437815,landrace
USB-107,PI165563,landrace
USB-204,PI438347,landrace
USB-378,PI603495B,landrace
USB-664,PI567272A,landrace
USB-451,PI87634,landrace
USB-183,PI437685D,landrace
USB-224,PI497953,landrace
USB-100,PI103088,landrace
USB-154,PI417215,landrace
HN072,PI549031,landrace
USB-068,PI68604-1,landrace
USB-228,PI506933,landrace
USB-253,PI548200,landrace
USB-412,FC3654-1,landrace
USB-579,PI438011,landrace
HN031,PI79691-4,landrace
USB-342,PI587804,landrace
USB-386,PI603675,landrace
USB-473,PI91731-1,landrace
HN036,PI200471,landrace
USB-284,PI561371,landrace
USB-475,PI92604,landrace
USB-510,PI290136,landrace
HN017B,PI437725,landrace
USB-155,PI417242,landrace
USB-279,PI549028,landrace
USB-769,PI603401,landrace
USB-115,PI209333,landrace
USB-241,PI518727,landrace
USB-388,PI603722,landrace
USB-210,PI458505,landrace
USB-293,PI567225,landrace
HN047,PI407729,landrace
USB-504,PI253652B,landrace
USB-372,PI603397,landrace
USB-407,PI639570,landrace
USB-433,PI79616,landrace
USB-612,PI518759,landrace
HN108,PI229343,landrace
HN084,PI567690,landrace
USB-074,PI81041,landrace
USB-113,PI189873,landrace
USB-297,PI567626A,landrace
USB-092,PI90486,landrace
USB-148,PI404187,landrace
USB-341,PI587712B,landrace
USB-404,PI639550E,landrace
USB-173,PI437160,landrace
HN107,PI417015,landrace
USB-152,PI416751,landrace
USB-171,PI437127A,landrace
USB-199,PI438239B,landrace
HN081,PI567519,landrace
USB-376,PI603492,landrace
USB-599,PI476344,landrace
HN078,PI567354,landrace
USB-069,PI68732-1,landrace
USB-070,PI70080,landrace
USB-222,PI490766,landrace
USB-375,PI603488,landrace
USB-559,PI437431,landrace
USB-151,PI407742,landrace
USB-586,PI438329,landrace
USB-357,PI594880,landrace
HN104,FC31721,landrace
USB-145,PI391583,landrace
USB-544,PI437123,landrace
USB-080,PI84946-2,landrace
USB-213,PI464896,landrace
USB-294,PI567226,landrace
USB-387,PI603698J,landrace
USB-563,PI437513,landrace
USB-565,PI437578,landrace
USB-134,PI372403B,landrace
USB-343,PI587811A,landrace
USB-374,PI603463,landrace
USB-463,PI90499-1,landrace
USB-383,PI603555,landrace
HN095,PI603175,landrace
USB-002,FC33243,landrace
USB-125,PI297505,landrace
USB-206,PI438496B,landrace
HN085,PI567719,landrace
HN105,PI438471,landrace
USB-143,PI379618,landrace
USB-078,PI84637,landrace
HN004,PI90763,landrace
USB-081,PI84973,landrace
USB-229,PI506942,landrace
USB-295,PI567231,landrace
HN034,PI87631-1,landrace
USB-212,PI458510,landrace
USB-232,PI507088,landrace
HN049,PI408105A,landrace
HN079,PI567357,landrace
HN089,PI594012,landrace
USB-196,PI438112B,landrace
USB-242,PI532463B,landrace
USB-392,PI612730,landrace
USB-402,PI639528B,landrace
USB-705,PI574478C,landrace
HN043,PI398610,landrace
HN054,PI437169B,landrace
USB-159,PI417500,landrace
USB-207,PI438496C,landrace
USB-103,PI153281,landrace
USB-303,PI567353,landrace
USB-682,PI567417B,landrace
HN011,PI507354,landrace
HN093,PI603154,landrace
HNY-09,PI567671A,landrace
USB-135,PI372418,landrace
USB-418,PI60970,landrace
HNY-54,PI653935,landrace
USB-149,PI407701,landrace
USB-168,PI436684,landrace
USB-658,PI567170A,landrace
HN082,PI567611,landrace
USB-062,PI54608-1,landrace
USB-185,PI437776,landrace
USB-373,PI603399,landrace
USB-401,PI632650,landrace
HN086,PI567731,landrace
USB-283,PI561318A,landrace
USB-298,PI567307,landrace
USB-437,PI79870-4,landrace
USB-150,PI407708A,landrace
USB-167,PI430595,landrace
HN090,PI594512A,landrace
USB-090,PI89775,landrace
USB-174,PI437165A,landrace
USB-663,PI567265,landrace
USB-339,PI587588B,landrace
USB-157,PI417381,landrace
USB-240,PI514671,landrace
USB-368,PI603162,landrace
HN035,PI196175,landrace
USB-214,PI458912,landrace
USB-217,PI468408B,landrace
USB-250,PI548169,landrace
USB-160,PI417529,landrace
USB-195,PI438083,landrace
HN059,PI464920B,landrace
HNY-42,PI340042,landrace
HNY-55,PI248399,landrace
USB-109,PI171428,landrace
USB-166,PI424195A,landrace
USB-234,PI507458,landrace
HN042,PI398595,landrace
USB-101,PI123440,landrace
USB-332,PI578412,landrace
USB-377,PI603494,landrace
HN044,PI398614,landrace
USB-291,PI567173,landrace
HNY-10,PI567614B,landrace
USB-084,PI86904,landrace
USB-216,PI467347,landrace
USB-221,PI479735,landrace
USB-093,PI91100-3,landrace
HN050,PI416937,landrace
HN056,PI437863A,landrace
HN061,PI471938,landrace
USB-469,PI91120,landrace
USB-104,PI154189,landrace
HNY-08,PI597473,landrace
USB-073,PI80837,landrace
USB-177,PI437376A,landrace
USB-235,PI507467,landrace
HN037,PI200508,landrace
USB-162,PI423926,landrace
USB-067,PI68521-1,landrace
USB-089,PI89005-5,landrace
USB-189,PI437838,landrace
USB-153,PI416838,landrace
USB-203,PI438336,landrace
USB-367,PI602993,landrace
USB-366,PI602502B,landrace
USB-094,PI91159-4,landrace
USB-330,PI574477,landrace
HN098,PI605869A,landrace
HN033,PI87617,landrace
USB-414,FC31571,landrace
USB-436,PI79832,landrace
USB-476,PI92618,landrace
SRR1533328,PI253658B,landrace
USB-091,PI90479P,landrace
USB-351,PI593953,landrace
HN074,PI561271,landrace
USB-098,PI95860,landrace
USB-096,PI92651,landrace
HN096,PI603176A,landrace
USB-063,PI54614,landrace
HN083,PI567651,landrace
US-19,PI595362,landrace
USB-126,PI297520,landrace
HN023,PI424608A,landrace
USB-061,PI54591,landrace
USB-202,PI438323,landrace
USB-139,PI378658,landrace
HN097,PI603497,landrace
USB-687,PI567503,landrace
USB-106,PI159925,landrace
USB-059,FC29333,landrace
USB-110,PI171451,landrace
USB-233,PI507293B,landrace
USB-238,PI507480,landrace
USB-370,PI603345,landrace
USB-525,PI404161,landrace
USB-131,PI361066B,landrace
USB-348,PI592960,landrace
HN062,PI475783B,landrace
HN094,PI603170,landrace
USB-334,PI578499A,landrace
USB-064,PI54615-1,landrace
USB-371,PI603389,landrace
USB-285,PI561387,landrace
USB-060,FC31697,landrace
SRR1533441,PI548985,Modern_cultivar
SRR1533436,PI591511,Modern_cultivar
SRR1533351,PI548634,Modern_cultivar
SRR1533366,PI547460,Modern_cultivar
HN092,PI597387,Modern_cultivar
HNSM-25,PI525453,Modern_cultivar
SRR1533353,PI547459,Modern_cultivar
SRR1533384,PI548512,Modern_cultivar
SRR1533415,PI548573,Modern_cultivar
SRR1533429,PI548593,Modern_cultivar
USB033,PI548561,Modern_cultivar
SRR1533381,PI591435,Modern_cultivar
SRR1533444,PI547680,Modern_cultivar
For,PI548645,Modern_cultivar
SRR1533427,PI591541,Modern_cultivar
SRR1533423,PI536635,Modern_cultivar
USB-635,PI548528,Modern_cultivar
SRR1533362,PI533655,Modern_cultivar
SRR1533396,PI547779,Modern_cultivar
USB045,PI592523,Modern_cultivar
USB-637,PI548547,Modern_cultivar
SRR1533419,PI533602,Modern_cultivar
USB-271,PI548619,Modern_cultivar
SRR1533356,PI553047,Modern_cultivar
SRR1533395,PI548631,Modern_cultivar
USB-393,PI612754,Modern_cultivar
USB032,PI548520,Modern_cultivar
USB-640,PI548568,Modern_cultivar
PI602450,PI602450,Modern_cultivar
USB-411,PI567788,Modern_cultivar
USB-806,PI628834,Modern_cultivar
USB-048,PI597476,Modern_cultivar
USB018,PI518668,Modern_cultivar
USB022,PI548193,Modern_cultivar
SRR1533385,PI547690,Modern_cultivar
USB-266,PI548524,Modern_cultivar
USB-807,PI628867,Modern_cultivar
HNY-57,LG11-8706,Modern_cultivar
USB-708,PI578330,Modern_cultivar
USB-623,PI548158,Modern_cultivar
USB-805,PI619615,Modern_cultivar
USB-616,PI534648,Modern_cultivar
USB-707,PI578329C,Modern_cultivar
USB-038,PI559932,Modern_cultivar
SRR1533446,PI591431,Modern_cultivar
USB-819,PI656647,Modern_cultivar
USB-615,PI533654,Modern_cultivar
USB-617,PI539865,Modern_cultivar
USB-619,PI540555,Modern_cultivar
USB-759,PI597384,Modern_cultivar
USB-274,PI548696,Modern_cultivar
USB-608,PI508083,Modern_cultivar
USB-272,PI548633,Modern_cultivar
USB-265,PI548521,Modern_cultivar
USB-249,PI548162,Modern_cultivar
USB-646,PI556637,Modern_cultivar
HNY-41,PI606748,Modern_cultivar
USB-613,PI525454,Modern_cultivar
DT2000,PI635999,Modern_cultivar
HNY-05,R05-655,Modern_cultivar
USB-396,PI628913,Modern_cultivar
HNY-12,LG11-8737,Modern_cultivar
USB-328,PI567782,Modern_cultivar
HN027,S10-11227,Modern_cultivar
HNY-43,LD04-13265,Modern_cultivar
USB-711,PI583366,Modern_cultivar
HNY-13,LG11-8744,Modern_cultivar
USB-021,PI548171,Modern_cultivar
USB-268,PI548571,Modern_cultivar
HNY-30,S07-5117,Modern_cultivar
HN071,PI548657,Modern_cultivar
USB-254,PI548256,Modern_cultivar
USB-618,PI539936,Modern_cultivar
HNY-31,S07-6699,Modern_cultivar
HNY-46,PI615694,Modern_cultivar
SRR1533357,PI547562,Modern_cultivar
HNY-03,R02-6268,Modern_cultivar
HNY-45,PI553045,Modern_cultivar
USB-398,PI628963,Modern_cultivar
USB-363,PI597478B,Modern_cultivar
USB-609,PI508269,Modern_cultivar
HNY-22,S08-17361,Modern_cultivar
HNY-28,560 IT,Modern_cultivar
HNY-38,LG04-5196,Modern_cultivar
HN001,PI518664,Modern_cultivar
USB-276,PI548978,Modern_cultivar
HNY-33,PI595645,Modern_cultivar
HNY-56,LG11-8690,Modern_cultivar
USB-127,PI324924,Modern_cultivar
USB-270,PI548582,Modern_cultivar
HN101,PI658519,Modern_cultivar
HN030,PI598124,Modern_cultivar
HN088,PI593258,Modern_cultivar
HN066,PI547862,Modern_cultivar
HNY-17,S09-9943,Modern_cultivar
HN013,S05-11482,Modern_cultivar
HN064,PI518751,Modern_cultivar
HN065,PI542044,Modern_cultivar
USB-282,PI556511,Modern_cultivar
USB-400,PI632418,Modern_cultivar
HNY-04,R08-1450,Modern_cultivar
USB-620,PI543794,Modern_cultivar
HN087,PI591539,Modern_cultivar
HN073,PI552538,Modern_cultivar
HNY-40,U98-311442,Modern_cultivar
USB-246,PI540552,Modern_cultivar
USB-399,PI631123,Modern_cultivar
HNY-26,STODDARD,Modern_cultivar
HN070,PI548511,Modern_cultivar
HNY-06,R07-2000,Modern_cultivar
HNY-16,S12-2894,Modern_cultivar
HNY-49,Uram,Modern_cultivar
HNY-39,LG04-6000,Modern_cultivar
USB-287,PI561701,Modern_cultivar
HNY-18,S12-2994M,Modern_cultivar
HNY-44,Woodruff,Modern_cultivar
HN029,IA3023,Modern_cultivar
HNY-59,PI543795,Modern_cultivar
USB-248,PI542972,Modern_cultivar
HNY-23,S09-13185,Modern_cultivar
USB-364,PI598358,Modern_cultivar
HN100,PI647086,Modern_cultivar
HNY-15,S12-1879,Modern_cultivar
HNY-11,SS98-3403,Modern_cultivar
HNY-47,PI602597,Modern_cultivar
HNY-21,S11-16195,Modern_cultivar
HNY-19,S12-3187,Modern_cultivar
HNY-32,PI654356,Modern_cultivar
HNY-27,JTN 5503,Modern_cultivar
USB-269,PI548572,Modern_cultivar
HN099,PI639740,Modern_cultivar
HNY-29,S07-5049,Modern_cultivar
HNY-24,OSAGE,Modern_cultivar
HNY-01,R11-7999,Modern_cultivar
HNY-20,S11-17025,Modern_cultivar
USB-001,PI548656,Modern_cultivar
HNY-58,PI619083,Modern_cultivar
HN028,PI572239,Modern_cultivar
HNY-25,ANAND,Modern_cultivar
USB-358,PI594922,Modern_cultivar
HNY-02,R10-5828,Modern_cultivar
USB-395,PI628812,Modern_cultivar
USB-058,PI548658,Modern_cultivar
SRR1533442,PI548477,Old_cultivar
SRR1533389,PI548391,Old_cultivar
SRR1533279,PI548406,Old_cultivar
SRR1533231,PI548312,Old_cultivar
SRR1533283,PI548382,Old_cultivar
SRR1533312,PI548456,Old_cultivar
SRR1533257,PI548417,Old_cultivar
USB-029,PI548452,Old_cultivar
SRR1533297,PI548298,Old_cultivar
USB028,PI548447,Old_cultivar
USB-632,PI548472,Old_cultivar
SRR1533378,PI548311,Old_cultivar
USB031,PI548490,Old_cultivar
USB-628,PI548414,Old_cultivar
HN024,PI548316,Old_cultivar
USB025,PI548360,Old_cultivar
USB026,PI548364,Old_cultivar
HN019,PI548402-2,Old_cultivar
USB-630,PI548464,Old_cultivar
SRR1533299,PI548488,Old_cultivar
USB-492,PI180532,Old_cultivar
USB-634,PI548497,Old_cultivar
USB-024,PI548325,Old_cultivar
SRR1533345,PI548362,Old_cultivar
USB-629,PI548440,Old_cultivar
USB-506,PI257429,Old_cultivar
HN002,PI548402,Old_cultivar
USB-023,PI548313,Old_cultivar
USB-633,PI548491,Old_cultivar
USB-496,PI198067,Old_cultivar
USB-255,PI548336,Old_cultivar
USB-257,PI548359,Old_cultivar
USB-259,PI548400,Old_cultivar
USB-262,PI548473,Old_cultivar
USB-607,PI507678,Old_cultivar
HN067,PI548317,Old_cultivar
USB-261,PI548427,Old_cultivar
HN069,PI548415,Old_cultivar
USB-263,PI548474,Old_cultivar
USB-256,PI548356,Old_cultivar
HN068,PI548349,Old_cultivar
USB-264,PI548479,Old_cultivar
HNY-51,PI548352,Old_cultivar
HNY-52,PI548379,Old_cultivar
USB-258,PI548383,Old_cultivar
USB-260,PI548411,Old_cultivar
TC22,PI366122,Wild-type
SRR1533168,PI407170,Wild-type
SRR1533211,PI597461A,Wild-type
SRR1533190,PI326582A,Wild-type
PI424007,PI424007,Wild-type
SRR1533175,PI458536,Wild-type
SRR1533169,PI407131,Wild-type
SRR1533204,PI549046,Wild-type
SRR1533196,PI504286,Wild-type
PI447003A,PI447003A,Wild-type
PI424008A,PI424008A,Wild-type
SRR1533187,PI407275,Wild-type
SRR1533182,PI407246,Wild-type
SRR1533188,PI464929B,Wild-type
SRR1533155,PI562565,Wild-type
SRR1533206,PI483465,Wild-type
SRR1533162,PI407027,Wild-type
PI407287,PI407287,Wild-type
PI468918,PI468918,Wild-type
PI407308,PI407308,Wild-type
PI378698,PI378698,Wild-type
PI424025B,PI424025B,Wild-type
SRR1533191,PI522216,Wild-type
PI479768,PI479768,Wild-type
PI597458B,PI597458B,Wild-type
PI407020,PI407020,Wild-type
SRR1533197,PI458538,Wild-type
PI407228,PI407228,Wild-type
PI407303,PI407303,Wild-type
SRR1533202,PI407288,Wild-type
PI407281,PI407281,Wild-type
PI479746B,PI479746B,Wild-type
HNSM-31,PI507794,Wild-type
SRR1533192,PI468400A,Wild-type
PI407052,PI407052,Wild-type
SRR1533193,PI479769,Wild-type
PI483466,PI483466,Wild-type
SRR1533198,PI458535,Wild-type
PI562558,PI562558,Wild-type
SRR1533185,PI522228,Wild-type
SRR1533210,PI597459D,Wild-type
SRR1533203,PI578341,Wild-type
HNSM-30,PI507621,Wild-type
SRR1533205,PI464927A,Wild-type
SRR1533163,PI562559,Wild-type
SRR1533164,PI597459C,Wild-type
SRR1533212,PI522226,Wild-type
SRR1533161,PI593983,Wild-type
HNSM-32,PI562539,Wild-type
SRR1533178,PI522182B,Wild-type
SRR1533181,PI464929A,Wild-type
HNSM-28,PI507582,Wild-type
PI424004B,PI424004B,Wild-type
PI597471D,PI597471D,Wild-type
HNSM-33,PI562547,Wild-type
PI407286,PI407286,Wild-type
SRR1533176,PI407197,Wild-type
PI424083A,PI424083A,Wild-type
SRR1533172,PI479752,Wild-type
HNSM-29,PI507597,Wild-type
PI507752,PI507752,Wild-type
PI378684A,PI378684A,Wild-type
PI407191,PI407191,Wild-type
PI378683,PI378683,Wild-type
SRR1533174,PI366123,Wild-type
PI407202,PI407202,Wild-type
PI407229,PI407229,Wild-type
SRR1533194,PI424096,Wild-type
PI378696A,PI378696A,Wild-type
PI378684B,PI378684B,Wild-type
SRR1533157,PI393551,Wild-type
HNSM-27,PI407076,Wild-type
SRR1533180,PI378692,Wild-type
PI407156,PI407156,Wild-type
SRR1533183,PI464935,Wild-type
PI407083,PI407083,Wild-type
SRR1533199,PI407285,Wild-type
PI424102A,PI424102A,Wild-type
PI597461B,PI597461B,Wild-type
PI507757,PI507757,Wild-type
PI424070B,PI424070B,Wild-type
PI407243,PI407243,Wild-type
PI507761,PI507761,Wild-type
PI639590A,PI639590A,Wild-type
PI378696B,PI378696B,Wild-type
PI464925B,PI464925B,Wild-type
PI407240,PI407240,Wild-type
PI407214,PI407214,Wild-type
PI407318A,PI407318A,Wild-type
PI407179,PI407179,Wild-type
PI639621,PI639621,Wild-type
PI562551,PI562551,Wild-type
PI407085,PI407085,Wild-type
PI424045,PI424045,Wild-type
PI342622A,PI342622A,Wild-type
PI407077,PI407077,Wild-type
PI407183,PI407183,Wild-type
PI407307,PI407307,Wild-type
PI507641,PI507641,Wild-type
PI639623A,PI639623A,Wild-type
PI407239,PI407239,Wild-type
PI407231,PI407231,Wild-type
PI407220,PI407220,Wild-type
PI507638,PI507638,Wild-type
PI522209B,PI522209B,Wild-type
USB-622,PI547831,Wild-type
PI464890B,PI464890B,Wild-type
PI507618,PI507618,Wild-type
PI378690,PI378690,Wild-type
HNY-50,PI468916,Wild-type
HN039,PI366121,Wild-type
PI407042,PI407042,Wild-type
PI407096,PI407096,Wild-type
PI407300,PI407300,Wild-type
PI407270,PI407270,Wild-type
PI407262,PI407262,Wild-type
PI507847,PI507847,Wild-type
PI549032,PI549032,Wild-type
PI407175,PI407175,Wild-type
PI424107A,PI424107A,Wild-type
HNY-48,PI483460B,Wild-type
PI562553,PI562553,Wild-type
PI639635,PI639635,Wild-type
PI407315,PI407315,Wild-type
PI562534,PI562534,Wild-type
HN053,PI424088,Wild-type
PI597448D,PI597448D,Wild-type
PI424014,PI424014,Wild-type
PI507667,PI507667,Wild-type
PI597458C,PI597458C,Wild-type
HN052,PI424079,Wild-type
PI507609,PI507609,Wild-type
PI507615,PI507615,Wild-type
PI507624,PI507624,Wild-type
PI407038,PI407038,Wild-type
PI597462B,PI597462B,Wild-type
PI532450,PI532450,Wild-type
HN046,PI407184,Wild-type
PI507619B,PI507619B,Wild-type
PI597460A,PI597460A,Wild-type
PI562557,PI562557,Wild-type
PI562568,PI562568,Wild-type
PI639588B,PI639588B,Wild-type
HN045,PI407162,Wild-type
PI639586,PI639586,Wild-type
HN063,PI483463,Wild-type
PI507830B,PI507830B,Wild-type
PI549048,PI549048,Wild-type
PI378699A,PI378699A,Wild-type
HN040,PI378702,Wild-type
HNY-14,PI483464 A,Wild-type
PI549047,PI549047,Wild-type
PI407241,PI407241,Wild-type
PI407171,PI407171,Wild-type
PI639590B,PI639590B,Wild-type
PI522235B,PI522235B,Wild-type
PI562564,PI562564,Wild-type
